{
    "loss": [
        7.026085376739502,
        5.229616165161133,
        4.120567798614502,
        3.836397886276245,
        3.593606472015381,
        3.470510482788086,
        3.177091121673584,
        2.9713425636291504,
        2.768106698989868,
        2.6782495975494385,
        2.4915831089019775,
        2.375422954559326,
        2.3161280155181885,
        2.2831685543060303,
        2.0952751636505127,
        2.1094911098480225,
        2.095292806625366,
        1.9948854446411133,
        2.0785555839538574,
        1.919614553451538,
        1.943495750427246,
        1.7797962427139282,
        1.8126473426818848,
        1.7813490629196167,
        1.8439204692840576,
        1.854216456413269,
        1.5806909799575806,
        1.721592664718628,
        1.6077806949615479,
        1.5941481590270996,
        1.5980117321014404,
        1.6369874477386475,
        1.6810359954833984,
        1.7018994092941284,
        1.4119923114776611,
        1.5102461576461792,
        1.4518431425094604,
        1.5779110193252563,
        1.598990559577942,
        1.52988600730896,
        1.34702730178833,
        1.3230023384094238,
        1.3435190916061401,
        1.316718339920044,
        1.343034029006958,
        1.3686447143554688
    ],
    "val_loss": [
        1.7350049018859863,
        1.027070164680481,
        0.9926517009735107,
        0.6617987155914307,
        0.5160951614379883,
        0.5412876605987549,
        0.6177104711532593,
        0.478886216878891,
        0.46850821375846863,
        0.39447396993637085,
        0.2555396258831024,
        0.33107373118400574,
        0.22599565982818604,
        0.21975865960121155,
        0.14895665645599365,
        0.1408429741859436,
        0.15303899347782135,
        0.13320566713809967,
        0.1725335270166397,
        0.1541527658700943,
        0.1480005383491516,
        0.11540043354034424,
        0.12794411182403564,
        0.11091272532939911,
        0.11378210037946701,
        0.1120348572731018,
        0.15962231159210205,
        0.12869955599308014,
        0.1692032516002655,
        0.12699714303016663,
        0.08926990628242493,
        0.11790567636489868,
        0.12706302106380463,
        0.11962470412254333,
        0.14662647247314453,
        0.14202043414115906,
        0.10140082240104675,
        0.11222037672996521,
        0.15829536318778992,
        0.14165616035461426,
        0.11847202479839325,
        0.09457792341709137,
        0.14144963026046753,
        0.14230084419250488,
        0.13443681597709656,
        0.12523077428340912
    ],
    "accuracy": [],
    "val_accuracy": [],
    "auc": [],
    "val_auc": [],
    "mae": [
        1.2668159008026123,
        0.9919760823249817,
        0.85651695728302,
        0.8227369785308838,
        0.7872653007507324,
        0.7654414176940918,
        0.7215110659599304,
        0.6996486783027649,
        0.6768434047698975,
        0.6656273603439331,
        0.6385259628295898,
        0.6146080493927002,
        0.6097722053527832,
        0.5911915302276611,
        0.5727174282073975,
        0.5692168474197388,
        0.5659167170524597,
        0.5470854640007019,
        0.5619782209396362,
        0.5457449555397034,
        0.5437011122703552,
        0.522133469581604,
        0.5121979117393494,
        0.516437828540802,
        0.5150961875915527,
        0.5170008540153503,
        0.4881598651409149,
        0.499653697013855,
        0.4872187077999115,
        0.48220404982566833,
        0.47836169600486755,
        0.4895462095737457,
        0.492817759513855,
        0.48559632897377014,
        0.460705041885376,
        0.46107882261276245,
        0.4598731994628906,
        0.4703984260559082,
        0.46725979447364807,
        0.46844083070755005,
        0.44537630677223206,
        0.4318794906139374,
        0.43433448672294617,
        0.435420960187912,
        0.4344814717769623,
        0.43835169076919556
    ],
    "val_mae": [
        0.5715827345848083,
        0.4220885932445526,
        0.41432690620422363,
        0.33729374408721924,
        0.294669508934021,
        0.303699254989624,
        0.3215855360031128,
        0.29308825731277466,
        0.2834416329860687,
        0.2640540301799774,
        0.20254826545715332,
        0.2318241149187088,
        0.1978335827589035,
        0.18807607889175415,
        0.16151398420333862,
        0.14409472048282623,
        0.1479278951883316,
        0.14801117777824402,
        0.16115032136440277,
        0.15103033185005188,
        0.15590600669384003,
        0.12839022278785706,
        0.12563318014144897,
        0.12018686532974243,
        0.12676610052585602,
        0.1264258772134781,
        0.16055439412593842,
        0.1326690912246704,
        0.16080132126808167,
        0.13662146031856537,
        0.10165965557098389,
        0.11585261672735214,
        0.11925671249628067,
        0.12212135642766953,
        0.13734810054302216,
        0.12106560170650482,
        0.11007367074489594,
        0.11924708634614944,
        0.14520680904388428,
        0.1464940756559372,
        0.13445833325386047,
        0.1104125827550888,
        0.14742092788219452,
        0.13620111346244812,
        0.13178826868534088,
        0.13373000919818878
    ]
}