{
    "loss": [
        0.2952176630496979,
        0.1537313461303711,
        0.11500345915555954,
        0.09288835525512695,
        0.07864560186862946,
        0.07055708020925522,
        0.06533024460077286,
        0.053493790328502655,
        0.05165674909949303,
        0.052284225821495056,
        0.04681001231074333,
        0.03952158987522125,
        0.03995811566710472,
        0.03939516469836235,
        0.03623631224036217,
        0.03355396166443825,
        0.03243683651089668,
        0.02870781719684601,
        0.028726637363433838,
        0.026542799547314644,
        0.02699895203113556,
        0.02634028159081936,
        0.022244775667786598,
        0.02469189278781414,
        0.021578911691904068,
        0.023439301177859306,
        0.02452475018799305,
        0.02791733108460903,
        0.017292650416493416,
        0.023753754794597626,
        0.016369663178920746,
        0.021110743284225464,
        0.016188422217965126,
        0.022661374881863594,
        0.0187238696962595,
        0.016778314486145973,
        0.01523247268050909,
        0.025028977543115616,
        0.019764071330428123,
        0.020883671939373016,
        0.018745742738246918,
        0.01758873462677002,
        0.017316101118922234,
        0.01784386858344078,
        0.019287405535578728,
        0.017109369859099388,
        0.01891535520553589,
        0.01169693935662508,
        0.01492476649582386,
        0.0141453817486763,
        0.01622670702636242,
        0.014395446516573429,
        0.012024904601275921,
        0.017220132052898407,
        0.018711047247052193,
        0.00896827969700098,
        0.021003611385822296
    ],
    "val_loss": [
        0.1267310380935669,
        0.07504699379205704,
        0.047881755977869034,
        0.04515981674194336,
        0.029302677139639854,
        0.02359364926815033,
        0.018004782497882843,
        0.0205976739525795,
        0.03356793150305748,
        0.019260693341493607,
        0.018364716321229935,
        0.02548140473663807,
        0.015251490287482738,
        0.0162484310567379,
        0.01320052519440651,
        0.016567179933190346,
        0.006739174947142601,
        0.010968155227601528,
        0.007896731607615948,
        0.004192306660115719,
        0.006809128914028406,
        0.005620518233627081,
        0.006212119944393635,
        0.016922801733016968,
        0.006847735028713942,
        0.004907704424113035,
        0.003523169318214059,
        0.008626998402178288,
        0.0015158627647906542,
        0.014219238422811031,
        0.000808719196356833,
        0.0018569141393527389,
        0.0013953004963696003,
        0.005509317386895418,
        0.0037898120936006308,
        0.007454524282366037,
        0.002346005057916045,
        0.005640283226966858,
        0.003177214879542589,
        0.0017659468576312065,
        0.0011550859780982137,
        0.0005455606151372194,
        0.009339877404272556,
        0.0027170933317393064,
        0.0030465442687273026,
        0.004537088796496391,
        0.002778006251901388,
        0.005940453615039587,
        0.0012619693297892809,
        0.003947708290070295,
        0.002984400372952223,
        0.0007607812876813114,
        0.0020849090069532394,
        0.002474255859851837,
        0.005744799971580505,
        0.0017907068831846118,
        0.000901099294424057
    ],
    "accuracy": [
        0.8667787909507751,
        0.933046817779541,
        0.953101634979248,
        0.9613851308822632,
        0.9717239737510681,
        0.9727205038070679,
        0.977453887462616,
        0.9811285734176636,
        0.9811285734176636,
        0.9813153743743896,
        0.9839935302734375,
        0.985924243927002,
        0.9869207739830017,
        0.9866716265678406,
        0.9874190092086792,
        0.9887269735336304,
        0.9899103045463562,
        0.9902840256690979,
        0.9899725914001465,
        0.9909691214561462,
        0.9907822608947754,
        0.9904085993766785,
        0.9922147393226624,
        0.9910314083099365,
        0.9924015998840332,
        0.9925261735916138,
        0.9924015998840332,
        0.9908445477485657,
        0.9941455125808716,
        0.9921524524688721,
        0.9941455125808716,
        0.9930244088172913,
        0.9945191740989685,
        0.9920278787612915,
        0.994020938873291,
        0.9941455125808716,
        0.9938963651657104,
        0.9906576871871948,
        0.9930244088172913,
        0.9922147393226624,
        0.9930866956710815,
        0.9941455125808716,
        0.9943323135375977,
        0.9937095046043396,
        0.9940832257270813,
        0.9938340783119202,
        0.9924638867378235,
        0.9962007999420166,
        0.9949551820755005,
        0.9946437478065491,
        0.9942077994346619,
        0.9948928952217102,
        0.9956402778625488,
        0.9938340783119202,
        0.993398129940033,
        0.9968858957290649,
        0.9927752614021301
    ],
    "val_accuracy": [
        0.9561534523963928,
        0.9728450179100037,
        0.9865471124649048,
        0.9793223738670349,
        0.9877927303314209,
        0.9937717914581299,
        0.9947683215141296,
        0.9922770261764526,
        0.9877927303314209,
        0.994020938873291,
        0.9930244088172913,
        0.9910314083099365,
        0.9937717914581299,
        0.9930244088172913,
        0.994020938873291,
        0.994020938873291,
        0.997508704662323,
        0.996512234210968,
        0.9970104694366455,
        0.9992526173591614,
        0.997508704662323,
        0.997508704662323,
        0.9972596168518066,
        0.9935226440429688,
        0.9972596168518066,
        0.9977578520774841,
        0.9992526173591614,
        0.9967613220214844,
        1.0,
        0.9957648515701294,
        1.0,
        0.9990034699440002,
        0.9995017647743225,
        0.9980069994926453,
        0.9987543821334839,
        0.9957648515701294,
        0.9987543821334839,
        0.9985052347183228,
        0.9982560873031616,
        0.9990034699440002,
        0.9997508525848389,
        1.0,
        0.9957648515701294,
        0.9997508525848389,
        0.9990034699440002,
        0.9992526173591614,
        0.9990034699440002,
        0.9972596168518066,
        0.9997508525848389,
        0.9987543821334839,
        0.9995017647743225,
        0.9997508525848389,
        0.9992526173591614,
        0.9995017647743225,
        0.9972596168518066,
        0.9992526173591614,
        1.0
    ],