{
    "loss": [
        0.1830173134803772,
        0.11943185329437256,
        0.10518239438533783,
        0.09847188740968704,
        0.09167281538248062,
        0.08754352480173111,
        0.08302119374275208,
        0.07553879171609879,
        0.07156258076429367,
        0.06895392388105392,
        0.06539630889892578,
        0.059991270303726196,
        0.05472974851727486,
        0.05099956691265106,
        0.04847705364227295,
        0.042818427085876465,
        0.03737158700823784,
        0.037967532873153687,
        0.035774264484643936,
        0.03483122959733009,
        0.0378374345600605,
        0.0312027670443058,
        0.02834247052669525,
        0.027439279481768608,
        0.029170166701078415,
        0.02694077044725418,
        0.028656693175435066,
        0.025780189782381058,
        0.02480524778366089,
        0.023890797048807144,
        0.021757718175649643,
        0.024957504123449326,
        0.025439167395234108,
        0.02246594801545143,
        0.02222718484699726,
        0.027542192488908768,
        0.02256413735449314,
        0.01977432705461979,
        0.02595791593194008,
        0.019930751994252205,
        0.029475364834070206,
        0.02181890793144703,
        0.027804212644696236,
        0.021314039826393127,
        0.021118592470884323,
        0.016934679821133614,
        0.023421676829457283,
        0.019923707470297813,
        0.02139146625995636,
        0.01729586347937584,
        0.01806650124490261,
        0.019315391778945923,
        0.01756609044969082,
        0.01860164664685726,
        0.025058820843696594,
        0.014661582186818123,
        0.02020505629479885,
        0.0234540943056345,
        0.023878498002886772,
        0.01752922311425209,
        0.018877027556300163,
        0.017143690958619118,
        0.021832337602972984,
        0.01750604435801506,
        0.019314786419272423,
        0.016370749101042747,
        0.015376860275864601,
        0.01775352656841278,
        0.011899985373020172,
        0.019483987241983414,
        0.014847047626972198,
        0.016725711524486542,
        0.019112374633550644,
        0.01622498780488968,
        0.018846333026885986,
        0.010440289974212646,
        0.01693369261920452
    ],
    "val_loss": [
        0.09018388390541077,
        0.07982582598924637,
        0.07693471759557724,
        0.06691456586122513,
        0.06144997850060463,
        0.06108030304312706,
        0.05907801538705826,
        0.05035201832652092,
        0.04832400754094124,
        0.03804750367999077,
        0.03694642335176468,
        0.0238873902708292,
        0.02030985802412033,
        0.020792366936802864,
        0.012116406112909317,
        0.016191521659493446,
        0.014773786999285221,
        0.011080571450293064,
        0.01711927354335785,
        0.011690005660057068,
        0.006609822157770395,
        0.004999334458261728,
        0.005163943395018578,
        0.003344334429129958,
        0.0018149687675759196,
        0.001986636547371745,
        0.0040656994096934795,
        0.0033430352341383696,
        0.004147752188146114,
        0.0017127774190157652,
        0.005797879304736853,
        0.004673521965742111,
        0.00290338764898479,
        0.003658054396510124,
        0.0018339817179366946,
        0.0030315513722598553,
        0.002912937430664897,
        0.004729795269668102,
        0.0029829300474375486,
        0.015576031059026718,
        0.0033453002106398344,
        0.001981897046789527,
        0.004394408781081438,
        0.001888077356852591,
        0.0016810297966003418,
        0.0023187543265521526,
        0.002923267427831888,
        0.003152509918436408,
        0.002043321030214429,
        0.004254275932908058,
        0.003682529553771019,
        0.0011404863325878978,
        0.002205927623435855,
        0.0019649879541248083,
        0.0028935447335243225,
        0.021434782072901726,
        0.0030293255113065243,
        0.003664323128759861,
        0.008310711942613125,
        0.001104482333175838,
        0.009611470624804497,
        0.0001464724773541093,
        0.0009161707130260766,
        0.000886535388417542,
        0.0010308269411325455,
        0.0011719086905941367,
        0.00043126364471390843,
        0.0006317661609500647,
        0.00034742819843813777,
        0.002479287562891841,
        0.0006538961897604167,
        0.008592501282691956,
        0.005842961836606264,
        0.002391479443758726,
        0.0024374453350901604,
        0.0006139809265732765,
        0.0023309558164328337
    ],
    "accuracy": [
        0.9385276436805725,
        0.9517314434051514,
        0.9517937302589417,
        0.9534130692481995,
        0.9554683566093445,
        0.9576482176780701,
        0.9590184092521667,
        0.9637518525123596,
        0.9655580520629883,
        0.9686721563339233,
        0.9712257385253906,
        0.9715371131896973,
        0.9758968353271484,
        0.9784504175186157,
        0.9788241386413574,
        0.9823119044303894,
        0.985114574432373,
        0.9842426776885986,
        0.9847409129142761,
        0.9852391481399536,
        0.9854260087013245,
        0.9877304434776306,
        0.9897857308387756,
        0.9891006350517273,
        0.9889760613441467,
        0.9899103045463562,
        0.9899725914001465,
        0.9891006350517273,
        0.9909691214561462,
        0.990470826625824,
        0.9924638867378235,
        0.9905331134796143,
        0.9900348782539368,
        0.9909691214561462,
        0.9916542172431946,
        0.9900348782539368,
        0.990906834602356,
        0.9930244088172913,
        0.9910314083099365,
        0.992962121963501,
        0.9876681566238403,
        0.9919655919075012,
        0.9897857308387756,
        0.9918410778045654,
        0.9907199740409851,
        0.9939586520195007,
        0.9910936951637268,
        0.9926507472991943,
        0.9922147393226624,
        0.9941455125808716,
        0.994020938873291,
        0.9920901656150818,
        0.9935226440429688,
        0.9936472177505493,
        0.9911559820175171,
        0.9949551820755005,
        0.993398129940033,
        0.9918410778045654,
        0.9913427829742432,
        0.9938963651657104,
        0.9931489825248718,
        0.9937095046043396,
        0.9922770261764526,
        0.9937095046043396,
        0.9927752614021301,
        0.9937095046043396,
        0.9938963651657104,
        0.9932735562324524,
        0.9958893656730652,
        0.9921524524688721,
        0.9953288435935974,
        0.9943323135375977,
        0.9931489825248718,
        0.993584930896759,
        0.992962121963501,
        0.9962630867958069,
        0.9942700266838074
    ],